<?xml version="1.0" encoding="utf-8" standalone="no"?>
<problem revision="1" short-name="cut-length" url="https://polygon.codeforces.com/p9gvItC/two_sides/cut-length">
    <judging cpu-name="Intel(R) Core(TM) i3-8100 CPU @ 3.60GHz" cpu-speed="3600" input-file="" output-file="" run-count="1">
        <testset name="tests">
            <time-limit>1000</time-limit>
            <memory-limit>268435456</memory-limit>
            <test-count>50</test-count>
            <input-path-pattern>tests/%02d</input-path-pattern>
            <answer-path-pattern>tests/%02d.a</answer-path-pattern>
            <tests>
                <test method="manual"/>
                <test method="manual"/>
                <test method="manual"/>
                <test method="manual"/>
                <test method="manual"/>
                <test method="manual"/>
                <test method="manual"/>
                <test method="manual"/>
                <test description="Archive &quot;test.zip&quot;; file &quot;01&quot;" method="manual"/>
                <test description="Archive &quot;test.zip&quot;; file &quot;02&quot;" method="manual"/>
                <test description="Archive &quot;test.zip&quot;; file &quot;03&quot;" method="manual"/>
                <test description="Archive &quot;test.zip&quot;; file &quot;04&quot;" method="manual"/>
                <test description="Archive &quot;test.zip&quot;; file &quot;05&quot;" method="manual"/>
                <test description="Archive &quot;test.zip&quot;; file &quot;06&quot;" method="manual"/>
                <test description="Archive &quot;test.zip&quot;; file &quot;07&quot;" method="manual"/>
                <test description="Archive &quot;test.zip&quot;; file &quot;08&quot;" method="manual"/>
                <test description="Archive &quot;test.zip&quot;; file &quot;09&quot;" method="manual"/>
                <test description="Archive &quot;test.zip&quot;; file &quot;10&quot;" method="manual"/>
                <test description="Archive &quot;test.zip&quot;; file &quot;11&quot;" method="manual"/>
                <test description="Archive &quot;test.zip&quot;; file &quot;12&quot;" method="manual"/>
                <test description="Archive &quot;test.zip&quot;; file &quot;13&quot;" method="manual"/>
                <test description="Archive &quot;test.zip&quot;; file &quot;14&quot;" method="manual"/>
                <test description="Archive &quot;test.zip&quot;; file &quot;15&quot;" method="manual"/>
                <test description="Archive &quot;test.zip&quot;; file &quot;16&quot;" method="manual"/>
                <test description="Archive &quot;test.zip&quot;; file &quot;17&quot;" method="manual"/>
                <test description="Archive &quot;test.zip&quot;; file &quot;18&quot;" method="manual"/>
                <test description="Archive &quot;test.zip&quot;; file &quot;19&quot;" method="manual"/>
                <test description="Archive &quot;test.zip&quot;; file &quot;20&quot;" method="manual"/>
                <test description="Archive &quot;test.zip&quot;; file &quot;21&quot;" method="manual"/>
                <test description="Archive &quot;test.zip&quot;; file &quot;22&quot;" method="manual"/>
                <test description="Archive &quot;test.zip&quot;; file &quot;23&quot;" method="manual"/>
                <test description="Archive &quot;test.zip&quot;; file &quot;24&quot;" method="manual"/>
                <test description="Archive &quot;test.zip&quot;; file &quot;25&quot;" method="manual"/>
                <test description="Archive &quot;test.zip&quot;; file &quot;26&quot;" method="manual"/>
                <test description="Archive &quot;test.zip&quot;; file &quot;27&quot;" method="manual"/>
                <test description="Archive &quot;test.zip&quot;; file &quot;28&quot;" method="manual"/>
                <test description="Archive &quot;test.zip&quot;; file &quot;29&quot;" method="manual"/>
                <test description="Archive &quot;test.zip&quot;; file &quot;30&quot;" method="manual"/>
                <test description="Archive &quot;test.zip&quot;; file &quot;31&quot;" method="manual"/>
                <test description="Archive &quot;test.zip&quot;; file &quot;32&quot;" method="manual"/>
                <test description="Archive &quot;test.zip&quot;; file &quot;33&quot;" method="manual"/>
                <test description="Archive &quot;test.zip&quot;; file &quot;34&quot;" method="manual"/>
                <test description="Archive &quot;test.zip&quot;; file &quot;35&quot;" method="manual"/>
                <test description="Archive &quot;test.zip&quot;; file &quot;36&quot;" method="manual"/>
                <test description="Archive &quot;test.zip&quot;; file &quot;37&quot;" method="manual"/>
                <test description="Archive &quot;test.zip&quot;; file &quot;38&quot;" method="manual"/>
                <test description="Archive &quot;test.zip&quot;; file &quot;39&quot;" method="manual"/>
                <test description="Archive &quot;test.zip&quot;; file &quot;40&quot;" method="manual"/>
                <test description="Archive &quot;test.zip&quot;; file &quot;41&quot;" method="manual"/>
                <test description="Archive &quot;test.zip&quot;; file &quot;42&quot;" method="manual"/>
            </tests>
        </testset>
    </judging>
    <files>
        <resources>
            <file path="files/olymp.sty"/>
            <file path="files/problem.tex"/>
            <file path="files/statements.ftl"/>
            <file path="files/testlib.h" type="h.g++"/>
        </resources>
        <executables>
            <executable>
                <source path="files/gen.py" type="python.3"/>
            </executable>
            <executable>
                <source path="files/valid.cpp" type="cpp.g++17"/>
            </executable>
        </executables>
    </files>
    <assets>
        <checker name="std::rcmp6.cpp" type="testlib">
            <source path="files/check.cpp" type="cpp.g++17"/>
            <copy path="check.cpp"/>
            <testset>
                <test-count>0</test-count>
                <input-path-pattern>files/tests/checker-tests/%02d</input-path-pattern>
                <output-path-pattern>files/tests/checker-tests/%02d.o</output-path-pattern>
                <answer-path-pattern>files/tests/checker-tests/%02d.a</answer-path-pattern>
                <tests/>
            </testset>
        </checker>
        <validators>
            <validator>
                <source path="files/valid.cpp" type="cpp.g++17"/>
                <testset>
                    <test-count>0</test-count>
                    <input-path-pattern>files/tests/validator-tests/%02d</input-path-pattern>
                    <tests/>
                </testset>
            </validator>
        </validators>
        <solutions>
            <solution tag="main">
                <source path="solutions/sol.cpp" type="cpp.g++17"/>
            </solution>
        </solutions>
    </assets>
    <properties>
        <property name="tests-wellformed" value="true"/>
    </properties>
    <stresses>
        <stress-count>0</stress-count>
        <stress-path-pattern>stresses/%03d</stress-path-pattern>
        <list/>
    </stresses>
</problem>
